13515,53965,"Caribbean Cove Hotel and Conference Center","Wet and Wild Family Fun in Indianapolis","Indoor Water Park","Indianapolis","IN","United States","http://www.cfmedia.vfmleonardo.com/imageRepo/3/0/38/569/440/CCHWP_Hotel_Exterior_F.jpg",858204,"2013-10-30 04:59:00","2013-10-16 05:00:00","voucher"
13515,53965,"Caribbean Cove Hotel and Conference Center","Wet and Wild Family Fun in Indianapolis","Indoor Water Park","Indianapolis","IN","United States","http://lscdn.net/imgs/87479760-b53a-4a3c-b598-83c7f25c99b4",858204,"2013-10-30 04:59:00","2013-10-16 05:00:00","voucher"
13593,71757,"Hotel Charlotte","The Old West Lives On Near Yosemite","Historic Yosemite Area Hotel","Groveland","CA","United States","http://lscdn.net/imgs/8f5733f8-cd5a-42a4-bbb6-758e5dadf90f",734064,"2013-10-30 03:59:00","2013-09-10 21:10:00","voucher"
13657,72877,"Carmel Valley Lodge","Country Calm Near Carmel-by-the-Sea","Carmel Valley Inn","Carmel Valley","CA","United States","http://lscdn.net/imgs/06ef8cca-3887-4a43-8207-0247c7e37bf1",816702,"2013-10-30 07:59:00","2013-09-04 08:00:00","voucher"
13825,63965,"Skytop Lodge","A Dutch-Colonial Gem in the Poconos","Pocono Mountain Lodge","Skytop","PA","United States","http://lscdn.net/imgs/3baa6b98-5166-4bf8-b422-ed8b4b4c93ae",808574,"2013-11-08 04:59:00","2013-09-19 05:00:00","voucher"
13851,71167,"Best Western Executive Inn and Suites","The Quiet Call of Colorado Springs","Colorado Springs Hotel","Colorado Springs","CO","United States","http://lscdn.net/imgs/e6d3868d-048d-4749-94d2-1b9ec0f42754",789040,"2013-11-08 06:59:59","2013-09-23 07:00:00","voucher"
13911,57817,"Inn at Morro Bay","Coast Along the Gibraltar of the Pacific","Inn at Morro Bay","Morro Bay","CA","United States","http://a5.lscdn.net/imgs/0880aa8a-1a37-4e6b-bef0-d967c41fd038",848154,"2013-11-06 07:59:00","2013-09-20 08:00:00","dated_flash"
13927,72973,"Las Vegas Suites at the Signature near MGM Grand ","A Very Las Vegas Vacation","Las Vegas Suites + Nightclub Access","Las Vegas","NV","United States","http://lscdn.net/imgs/30f9ead5-e4a7-49a3-b948-cd195dd4ba3f",782978,"2013-11-01 04:59:00","2013-09-18 05:00:00","voucher"
13945,72989,"Vermont Mountain Inn","Capturing the Color of the Green Mountains","Vermont Mountain Inn","East Dover","VT","United States","http://lscdn.net/imgs/300fc308-7451-426e-a8e6-e099c73081b5",838936,"2013-11-01 04:59:59","2013-09-18 05:00:00","voucher"
13973,73007,"Seascape Beach Resort Monterey Bay","Soak Up the Sun Along Scenic Monterey Bay","Central Coast Resort","Aptos","CA","United States","http://lscdn.net/imgs/733d87a1-a63c-4638-aa9b-e7520c6907ca",846476,"2013-11-06 07:59:00","2013-09-25 08:00:00","voucher"
13991,73019,"Arrowhead Retreats Vacation Rentals","Lake Arrowhead with Family and Friends","Lake Arrowhead Lodge","Lake Arrowhead","CA","United States","http://lscdn.net/imgs/a036ac94-f2f8-41f8-a3cb-97eb9b8d79ba",843488,"2013-11-06 07:59:00","2013-10-16 08:00:00","voucher"
14011,73043,"William\'s Grant Inn","An American Original in the Ocean State","Historic Bristol Inn","Bristol","RI","United States","http://lscdn.net/imgs/25022752-1397-4579-b1c1-fa24fd2ebabc",787874,"2013-11-08 04:59:00","2013-09-20 05:00:00","voucher"
14033,73047,"Whitewater Express","Grab a Paddle and Raft the Ocoee River","Mountain Cabin + White-Water Rafting","Copper Hill","TN","United States","http://lscdn.net/imgs/52ed0917-4f02-4636-9711-6543230bca15",819140,"2013-10-30 05:59:00","2013-09-25 06:00:00","voucher"
14049,49197,"Campbell\'s Resort","Lake Chelan\'s Original Waterfront Resort","Lake Chelan Resort","Chelan","WA","United States","http://lscdn.net/imgs/7d4465d6-1f8a-4357-97af-e9729d3a87d9",798314,"2013-10-30 07:59:00","2013-10-02 08:00:00","voucher"
14049,49197,"Campbell\'s Resort","Lake Chelan\'s Original Waterfront Resort","Lake Chelan Resort","Chelan","WA","United States","http://lscdn.net/imgs/1dde0f10-33d6-4de6-9d56-687f927be420",798314,"2013-10-30 07:59:00","2013-10-02 08:00:00","voucher"
14053,73075,"Hotel 1110","Hike the Heights of Luxury in Monterey","Monterey Boutique Hotel + Hiking","Monterey","CA","United States","http://lscdn.net/imgs/5cada26d-a252-4767-a2ec-c330391c6ec5",853256,"2013-10-30 07:59:00","2013-10-02 08:00:00","voucher"
14053,73075,"Hotel 1110","Hike the Heights of Luxury in Monterey","Monterey Boutique Hotel + Hiking","Monterey","CA","United States","http://lscdn.net/imgs/b96e5c21-e496-4e8f-a2bb-4b8fbf0666f8",853256,"2013-10-30 07:59:00","2013-10-02 08:00:00","voucher"
14065,73079,"Yosemite Southgate Hotel & Suites","Minutes from Yosemite\'s South Entrance","Yosemite Area Hotel","Oakhurst","CA","United States","http://lscdn.net/imgs/21695ba8-09a9-49e1-a696-8c75a17c0113",853192,"2013-11-06 07:59:00","2013-10-23 08:00:00","voucher"
14071,73097,"Sea Watch Resort","Sea Watch: The Best of Myrtle Beach","Oceanfront Resort in Myrtle Beach","Myrtle Beach","SC","United States","http://lscdn.net/imgs/00ab2dba-22ae-43a4-b2d2-e8c2e20a3648",844602,"2013-11-08 04:59:00","2013-09-25 05:00:00","voucher"
14073,73087,"Geronimo Creek Retreat","Tranquility in a Tipi or Classic Cabin","New Braunfels Area Cabin or Tipi","Seguin","TX","United States","http://lscdn.net/imgs/84a92203-164b-456d-aa52-ae8816453da4",855026,"2013-10-30 05:59:00","2013-09-30 06:00:00","voucher"
14105,73125,"Chateau Inn and Suites","History on the Jersey Shore in Spring Lake","Jersey Shore Hotel + Breakfast","Spring Lake","NJ","United States","http://lscdn.net/imgs/27035c3e-d0f4-452f-a1d9-0457d71bfb44",854580,"2013-11-15 04:59:00","2013-09-28 05:00:00","voucher"
14111,15709,"Be Live Grand Punta Cana","Relax on a Beachfront Paradise in Punta Cana","All-Inclusive Dominican Resort","Punta Cana",NULL,"Dominican Republic","http://lscdn.net/imgs/1144f942-17d4-4473-8249-918df41618c7",844874,"2013-11-06 04:59:00","2013-10-02 05:00:00","voucher"
14115,73159,"Whitewater Express","Reel in a Fly-Fishing Adventure on the Nantahala River ","Mountain Cabin + Fly-Fishing","Andrews","NC","United States","http://lscdn.net/imgs/8a4d656e-787b-46e2-99bc-6e709b16c649",833358,"2013-10-30 00:59:00","2013-10-01 01:00:00","voucher"
14145,73127,"Heritage Hotel","Historic Haunts in Pennsylvania Dutch Country","Lancaster Hotel + Dining Credit","Lancaster","PA","United States","http://lscdn.net/imgs/26e83ebf-87b6-4bc9-b3b7-c10a6aa7b848",856990,"2013-10-30 04:59:00","2013-09-30 05:00:00","voucher"
14155,56561,"The Inns at Equinox","Refined Lifestyle in Historic Manchester","The Inns at Equinox Resort + Spa","Manchester","VT","United States","http://lscdn.net/imgs/0e7a7062-7c7d-4b1b-a31b-cbeca1c07eb9",825612,"2013-11-03 04:59:00","2013-10-08 05:00:00","voucher"
14157,37765,"El Cozumeleño Beach Resort","All-Inclusive Splendor on the Beaches of Cozumel","All-Inclusive Cozumel Resort","Cozumel","QR","Mexico","http://lscdn.net/imgs/e5df13a0-cbb7-4e69-9d2d-5a13c1207946",856326,"2013-10-30 04:59:59","2013-10-02 05:00:00","voucher"
14165,37483,"Solmar Resort","In Cabo, the Fun Flows Freely ","All-Inclusive Cabo Resort","Los Cabos","BS","Mexico","http://lscdn.net/imgs/89211c87-11c5-4af6-8be9-952f1d8728b2",856634,"2013-11-06 04:59:00","2013-10-09 05:00:00","voucher"
14169,73149,"Woods Hole Inn","Explore the Upper Cape in Woods Hole","Cape Cod Inn + Wine","Woods Hole","MA","United States","http://lscdn.net/imgs/3fc4017f-71ac-4865-8578-3e484f70fcea",854584,"2013-10-30 04:59:00","2013-10-09 05:00:00","voucher"
14177,51557,"1886 Crescent Hotel & Spa","Haunted History in Victorian Eureka Springs","Haunted Mountaintop Hotel & Spa","Eureka Springs","AR","United States","http://lscdn.net/imgs/f352c424-5cd8-41df-a06b-8b8e917f5ddd",854666,"2013-11-06 05:59:00","2013-10-09 06:00:00","voucher"
14189,71345,"Chelsea Garden Inn","Wining, Dining, and Spa Bliss in Napa Valley","Napa Valley Inn + Wine Tastings","Calistoga","CA","United States","http://lscdn.net/imgs/a6df1cdf-2fbd-4709-96c7-d6aca1a6a252",857288,"2013-11-06 07:59:00","2013-10-09 08:00:00","voucher"
14197,71335,"Centrella Inn","Victorian Elegance in Pacific Grove","Historic Inn in Pacific Grove","Pacific Grove","CA","United States","http://a5.lscdn.net/imgs/72176f7b-0adb-4dcf-b758-287a56f11b1f",856934,"2013-11-05 07:59:00","2013-10-09 08:00:00","dated_flash"
14201,52967,"The Groveland Hotel","Rich History in California Gold Country","Gold Country Historic Hotel","Groveland","CA","United States","http://lscdn.net/imgs/d0ae48c0-44a0-4639-9170-8f9e7dbf4119",845956,"2013-11-06 07:59:00","2013-10-09 08:00:00","voucher"
14203,71243,"Briar Patch Bed & Breakfast Inn","Historic Farmhouse in Virginia Horse Country","Middleburg Farmhouse B&B","Middleburg","VA","United States","http://lscdn.net/imgs/e80c7044-4721-41e3-ad70-2c5e7b70713d",850918,"2013-10-30 04:59:00","2013-10-02 05:00:00","voucher"
14205,71819,"Inn & Spa at Cedar Falls","A Tranquil Retreat in Scenic Hocking Hills","Hocking Hills Inn + Spa","Logan","OH","United States","http://lscdn.net/imgs/7ca66657-e122-4105-b849-22541bbad5fe",799112,"2013-10-30 04:59:00","2013-09-28 05:00:00","voucher"
14207,72321,"South Beach Resort Hotel","Romantic Retreat on Lake Erie ","Beach Resort on Lake Erie","Marblehead","OH","United States","http://lscdn.net/imgs/99e1f5ff-9ca6-4f2a-bc89-59bfbac6a45e",851664,"2013-10-30 04:59:00","2013-10-02 05:00:00","voucher"
14213,63159,"Eldorado Hotel & Spa","Culture Meets Luxury in Quintessential Santa Fe","AAA Four Diamond Hotel & Spa","Santa Fe","NM","United States","http://lscdn.net/imgs/33d02c33-c56f-4a6f-bb37-cb8a5ae94f9e",855170,"2013-10-30 06:59:00","2013-10-09 07:00:00","voucher"
14215,73179,"Bell Rock Inn","An Authentic Southwest Experience in Sedona","Sedona Hotel","Sedona","AZ","United States","http://lscdn.net/imgs/15f43e2e-7cbc-4402-9f42-5c57bca6b7bb",860464,"2013-10-30 07:59:00","2013-10-09 08:00:00","voucher"
14217,73175,"La Quinta Inn & Suites Paso Robles","Find Wine and Sunshine in Paso Robles","Paso Robles Inn + Wine","Paso Robles","CA","United States","http://lscdn.net/imgs/58e348c8-7e08-4366-9b1e-6e301eadfdb0",861940,"2013-11-06 07:59:00","2013-10-09 08:00:00","voucher"
14221,73095,"The Cove of Lake Geneva","The Colors of Autumn in Lake Geneva","All-Suite Hotel Near Geneva Lake","Lake Geneva","WI","United States","http://lscdn.net/imgs/6cc1189d-6159-40df-aed1-c2282542cda4",853100,"2013-10-30 05:59:00","2013-10-02 06:00:00","voucher"
14225,73185,"The River Road Tree Houses","A Rustic Respite in Texas Hill Country","Texas Hill Country Cabins","New Braunfels","TX","United States","http://lscdn.net/imgs/f7efea5b-e2ac-4804-868a-34ef4240729f",856706,"2013-11-06 05:59:00","2013-10-09 06:00:00","voucher"
14227,73181,"Schlitterbahn Beach Resort South Padre Island","Family Water Park Fun on South Padre Island","Gulf Coast Water Park Resort for 4","South Padre Island","TX","United States","http://lscdn.net/imgs/7aa3f921-70fb-445e-b9bd-5c8a72019364",860206,"2013-11-06 05:59:00","2013-10-09 06:00:00","voucher"
14229,73201,"China Travel CA","A Window to Ancient China","9-Day Tour of China + Flights","Beijing",NULL,"China","http://lscdn.net/imgs/60df3472-cf04-409e-8397-20a7bd5c909c",857144,"2013-10-30 07:59:00","2013-10-02 08:00:00","voucher"
14239,73207,"Epitourean","Mexico\'s True Spice Capital: A Taste of Mérida","7-Day Culinary Tour of Mexico",NULL,NULL,NULL,"http://lscdn.net/imgs/7d4aace2-996b-4c9f-9933-7ff09c1250ce",854680,"2013-10-30 06:59:00","2013-10-01 07:00:00","voucher"
14241,73209,"Panorama Travel","Argentina: Old World Elegance, New World Adventure","8 Days in Argentina + Flights",NULL,NULL,NULL,"http://lscdn.net/imgs/e2ea2a7e-bad1-4817-a073-94371bb5f3aa",856744,"2013-10-30 04:59:00","2013-10-01 05:00:00","voucher"
14251,72545,"The Lodge at Mount Snow","Adventure at 2,700 Feet in the Green Mountains","Southern Vermont Lodge","West Dover","VT","United States","http://lscdn.net/imgs/af310b93-23ff-4462-92d4-1049725a5ad7",863040,"2013-11-06 04:59:00","2013-10-08 05:00:00","voucher"
14255,7015,"Four Points by Sheraton Niagara Falls Fallsview","Colorful Cascades in Niagara Falls","Niagara Falls Hotel","Niagara Falls","ON","Canada","http://lscdn.net/imgs/f335e57c-133a-4ef4-b44c-5a5608f09a8a",860354,"2013-10-30 04:59:00","2013-10-05 05:00:00","voucher"
14259,73191,"Hotel Vista de Olas","High Adventure in Low-Key Malpais","Costa Rica Villa + Adventure Tours for 2","Mal Pais",NULL,"Costa Rica","http://lscdn.net/imgs/47efb77e-9d5b-4912-a702-ec968c6353b0",839642,"2013-11-06 04:59:00","2013-10-02 05:00:00","voucher"
14263,50451,"Laguna Cliffs Marriott Resort & Spa","Sun, Surf, and Scenery in Orange County","Four-Star Orange County Resort","Dana Point","CA","United States","http://lscdn.net/imgs/de568e62-d975-40d6-b8f7-02d1e523cea7",865808,"2013-11-20 07:59:00","2013-10-05 08:00:00","voucher"
14265,48191,"Lodge of the Ozarks","Live Music and More in the Ozarks","Branson Lodge + Show","Branson","MO","United States","http://lscdn.net/imgs/314b1da3-6a8b-4b19-91b1-23c62885185c",862126,"2013-10-30 05:59:00","2013-10-02 06:00:00","voucher"
14273,73169,"The Club at Hillbrook","Discover the Charm of the Chagrin Valley","Tudor-Style Inn","Chagrin Falls","OH","United States","http://lscdn.net/imgs/3543a3f3-e9c4-4f66-a8c0-5f2703cf7c6e",862180,"2013-11-06 04:59:00","2013-10-08 05:00:00","voucher"
14275,60891,"Palm Island Resort","A Family-Friendly Villa on the Gulf","Gulf Coast Resort","Cape Haze","FL","United States","http://lscdn.net/imgs/cfab6f26-c7d1-42b1-8b6f-5a1cea2f2cae",870112,"2013-11-06 04:59:00","2013-10-09 05:00:00","voucher"
14285,72537,"The Lodge at Suttle Lake","Classic Pacific Northwest on Suttle Lake","Oregon Wilderness Lodge","Sisters","OR","United States","http://lscdn.net/imgs/c214e97d-7d01-476f-8d7b-56a95afcfd81",868666,"2013-11-03 07:59:00","2013-10-13 08:00:00","voucher"
14287,72385,"Tahoma Meadows Bed & Breakfast Cottages","In the Sierras, a Gem on Lake Tahoe","West Tahoe B&B Cottages","Tahoma","CA","United States","http://lscdn.net/imgs/0a508403-8d40-46e3-8f61-2afeeaeea846",864848,"2013-10-30 07:59:00","2013-10-09 08:00:00","voucher"
14289,6005,"Radisson Hotel and Conference Center Canmore","Embracing the Thrill of the Canadian Rockies","Canadian Rockies Hotel","Canmore","AB","Canada","http://lscdn.net/imgs/2c87f420-d450-4ddb-a51c-58902760a4c6",793906,"2013-11-06 06:59:59","2013-10-08 07:00:00","voucher"
14291,37551,"Grand Park Royal Cancun Caribe","From Chichen Itza to Turtle Beach: Cancun Uncovered","All-Inclusive Cancun Resort","Cancun","QR","Mexico","http://lscdn.net/imgs/91dd9039-479c-414e-9ee3-ee7b9e64f453",869010,"2013-10-30 04:59:00","2013-10-16 05:00:00","voucher"
14295,73219,"Epitourean","A Culinary Adventure through Greece","7-Day Greece Culinary Tour",NULL,NULL,NULL,"http://lscdn.net/imgs/48214bc2-8b1c-414b-ad38-a71ba96ff021",854674,"2013-11-03 06:59:00","2013-10-16 07:00:00","voucher"
14297,73225,"Wellness:té Lodge","Peace and Quiet in the Adirondack Foothills","Private Tug Hill Cabin","Talberg","NY","United States","http://lscdn.net/imgs/f5cc689b-e625-43e5-a10a-4872671c4045",871444,"2013-10-30 04:59:00","2013-10-16 05:00:00","voucher"
14299,7271,"Sherwood Inn on Lake Joseph","Falling for Autumn on the Shores of Lake Joseph","Muskoka Lakeshore Inn","Port Carling","ON","Canada","http://lscdn.net/imgs/128edf71-5ac8-44cb-bc06-ab8ceb80eaa6",843894,"2013-11-13 04:59:00","2013-10-16 05:00:00","voucher"
14299,7271,"Sherwood Inn on Lake Joseph","Falling for Autumn on the Shores of Lake Joseph","Muskoka Lakeshore Inn","Port Carling","ON","Canada","http://lscdn.net/imgs/464a57da-2f90-422d-8b0c-ac4bc106092c",843894,"2013-11-13 04:59:00","2013-10-16 05:00:00","voucher"
14301,73223,"Hôtel Manoir d\'Auteuil","Starry-Eyed in the Streets of Old Quebec City","Old Quebec City Hotel","Vieux-Québec","QC","Canada","http://lscdn.net/imgs/240f0017-ab49-470e-8ddb-6ee521bcc242",852860,"2013-11-06 04:59:00","2013-10-14 05:00:00","voucher"
14303,73119,"Hidden Pond","Inspired Experience in Kennebunkport","Kennebunkport Cottages","Kennebunkport","ME","United States","http://lscdn.net/imgs/cc359329-be69-44a0-8847-4fb788c69a85",871612,"2013-10-30 04:59:00","2013-10-12 05:00:00","voucher"
14305,71151,"Bella Alpacas Farm and B&B","A Farm-Fresh Experience in Connecticut","Authentic Alpaca Farm","New Milford","CT","United States","http://lscdn.net/imgs/aee6fb27-9712-46de-a37e-04b4df2e8759",871660,"2013-10-30 04:59:00","2013-10-15 05:00:00","voucher"
14307,73231,"Nantahala Village","\'Just You and Me\' Time in the Smokies","Great Smokies Resort + Massages","Bryson City","NC","United States","http://lscdn.net/imgs/10ee57c9-c62d-440d-ab38-da5bc98d7440",855050,"2013-10-30 04:59:00","2013-10-16 05:00:00","voucher"
14307,73231,"Nantahala Village","\'Just You and Me\' Time in the Smokies","Great Smokies Resort + Massages","Bryson City","NC","United States","http://lscdn.net/imgs/10ee57c9-c62d-440d-ab38-da5bc98d7440",855050,"2013-10-30 04:59:00","2013-10-16 05:00:00","voucher"
14313,71721,"Historic Rosemont Manor","Grace and Grandeur in Historic Virginia","Shenandoah Valley Manor","Berryville","VA","United States","http://lscdn.net/imgs/977cb78d-fe72-49f3-8616-848f7fc7c2be",862994,"2013-11-06 04:59:00","2013-10-09 05:00:00","voucher"
14315,71077,"Auberge on the Vineyard","Savor the Sweet Stillness of Wine Country","Sonoma County B&B","Cloverdale","CA","United States","http://lscdn.net/imgs/6bd7b5a0-3025-4cfe-bd2d-dbabeffc38c6",840048,"2013-10-30 07:59:00","2013-10-16 08:00:00","voucher"
14317,72795,"Yosemite View Lodge","Get Away From It All in the Sierra Nevadas","Sierra Nevada Lodge + Spa Basket","El Portal","CA","United States","http://lscdn.net/imgs/ce450029-e35f-4322-849a-ead1eef08bc1",865652,"2013-11-13 07:59:00","2013-10-16 08:00:00","voucher"
14319,64137,"Aston Lakeland Village Resort","Adventure and Aerial Views in Scenic Lake Tahoe","Lake Tahoe Resort","South Lake Tahoe","CA","United States","http://lscdn.net/imgs/de9592ec-f55f-41f0-9cb9-2b32ff7bdaea",868854,"2013-10-30 07:59:00","2013-10-15 08:00:00","voucher"
14321,71559,"Exotic Caye Beach Resort","Belize: From Stingray Alley to Mayan Ruins","Belizean Coastal Resort","San Pedro",NULL,"Belize","http://lscdn.net/imgs/1fd5b069-f725-4842-9ef0-5df102ce7144",868246,"2013-10-30 04:59:00","2013-10-16 05:00:00","voucher"
14323,72055,"Mountain Harbor Inn Resort on the Lake","A Romantic Lakefront Retreat and Sunset Cruise","Douglas Lake Inn + Sunset Cruise","Dandridge","TN","United States","http://lscdn.net/imgs/f22750d8-5d87-42ad-ad2a-30faa7420c8b",807194,"2013-10-30 04:59:00","2013-10-11 05:00:00","voucher"
14325,73233,"Adventures Unlimited","Ziplining and Kayaking Around Coldwater Creek","Florida Kayak + Zipline Experience","Milton","FL","United States","http://lscdn.net/imgs/655d117b-49f1-44ba-a4fc-6ec0cf455230",870020,"2013-11-13 04:59:00","2013-10-09 05:00:00","voucher"
14327,73241,"Two Harbors Campgrounds","Good Times in the Great Outdoors on Catalina ","Catalina Campgrounds + Supplies","Two Harbors","CA","United States","http://lscdn.net/imgs/b394925a-388b-4b15-8f94-675cb31a0151",828662,"2013-10-30 07:59:00","2013-10-15 08:00:00","voucher"
14329,73235,"High Country Inn","Adventure Awaits in the Canadian Rockies","Banff Mountain Hotel","Banff","AB","Canada","http://lscdn.net/imgs/91ee5df6-1d3a-4908-af6e-bebc0c93fb41",868442,"2013-10-30 06:59:00","2013-10-11 07:00:00","voucher"
14331,73243,"North Shore Cottages","Experience Orcas Island\'s Quaint Towns and Cool Breezes ","Orcas Island Cottage","Eastsound","WA","United States","http://lscdn.net/imgs/7bd1dc88-0e10-46af-b3aa-2efe08246b02",864060,"2013-10-30 07:59:00","2013-10-16 08:00:00","voucher"
14333,71973,"Lost Mountain Lodge","The Sunny Side of Washington State","Olympic Peninsula B&B","Sequim","WA","United States","http://lscdn.net/imgs/fc4ef31b-49c5-4a42-8f35-fc2a39a398a3",864094,"2013-10-30 07:59:00","2013-10-16 08:00:00","voucher"
14333,71973,"Lost Mountain Lodge","The Sunny Side of Washington State","Olympic Peninsula B&B","Sequim","WA","United States","http://lscdn.net/imgs/5a37f06c-e4d5-4e36-b3ff-06d462dd3b2d",864094,"2013-10-30 07:59:00","2013-10-16 08:00:00","voucher"
14335,73239,"Rockwater Secret Cove Resort","An Oceanfront Treasure in British Columbia ","Sunshine Coast Resort ","Halfmoon Bay","BC","Canada","http://lscdn.net/imgs/d2c396d3-97b6-4db3-add8-fb5ab07389b2",851324,"2013-10-30 07:59:00","2013-10-12 08:00:00","voucher"
14337,73245,"Rivertide Suites","Beach Escapades and Sunsets on the Promenade ","Seaside Hotel","Seaside","OR","United States","http://lscdn.net/imgs/6292ac42-9757-4197-bcaf-2764a73eff3f",844502,"2013-10-30 07:59:00","2013-10-16 08:00:00","voucher"
14339,71323,"Castle Rock Resort & Waterpark","A Family Affair at This Branson Waterpark","Missouri Hotel + Waterpark","Branson","MO","United States","http://lscdn.net/imgs/c0ad5eb4-4541-4335-a435-08d101d86999",870612,"2013-11-06 05:59:00","2013-10-09 06:00:00","voucher"
14343,71839,"Inn at Santa Fe","Boutique Style in Santa Fe","Santa Fe Boutique Hotel","Santa Fe","NM","United States","http://lscdn.net/imgs/d6057d21-70cc-4f55-9f37-23d044834888",862252,"2013-10-30 06:59:00","2013-10-16 07:00:00","voucher"
14363,52559,"Hilton Garden Inn Gilroy","Eats and Treats in Santa Clara County","Santa Clara County Hotel","Gilroy","CA","United States","http://lscdn.net/imgs/a9271bdc-3c04-478b-ba6d-ed621ae9b903",870248,"2013-10-30 07:59:00","2013-10-16 08:00:00","voucher"
14365,65173,"The Lodge at Tiburon","Enjoy Nature\’s Wonders—and Wine—in Marin County","Marin County Lodge + Wine","Tiburon","CA","United States","http://lscdn.net/imgs/41461630-43e4-4080-b76f-91eddc3305c3",874124,"2013-10-30 07:59:00","2013-10-16 11:51:00","voucher"
14367,73247,"Encounters Travel","Big City, Big Game, and Big Fun in South Africa","South Africa Tour + Flights","Cape Town",NULL,"South Africa","http://lscdn.net/imgs/9a68a640-f18d-4668-abbf-089c3aa7ce08",873914,"2013-10-30 04:59:00","2013-10-15 05:00:00","voucher"
14369,73251,"Down Under Answers","Turn Your World Upside Down, Down Under","14 Days in Australia + Flights",NULL,NULL,NULL,"http://lscdn.net/imgs/8d10bc3e-4dc8-418f-9084-f23c2680e960",874346,"2013-10-30 07:59:00","2013-10-16 08:00:00","voucher"
14371,73249,"Island Hotel Port Aransas","Laid-Back Island Style in Port Aransas","Port Aransas Hotel","Port Aransas","TX","United States","http://lscdn.net/imgs/5af9f319-35af-4881-914b-235c0a0de71a",874120,"2013-10-30 05:59:59","2013-10-16 06:00:00","voucher"
14375,71915,"Lajitas Golf Resort and Spa","Luxury in the Heart of Big Bend National Park","Big Bend National Park Resort for 4","Lajitas","TX","United States","http://lscdn.net/imgs/2f6a8677-2cd3-480f-8cb2-404ab776aa8d",873942,"2013-10-30 05:59:59","2013-10-16 06:00:00","voucher"
14383,72463,"The Darby Field Inn & Restaurant","Romantic Views in the White Mountains","White Mountains Historic Inn","Albany","NH","United States","http://lscdn.net/imgs/34c66f9e-3171-4cc6-a753-9cf3336d1327",873964,"2013-11-29 04:59:00","2013-10-15 05:00:00","voucher"
14385,73257,"Ledges Hotel","A Contemporary Take on the Poconos","Modern Hotel in the Poconos","Hawley","PA","United States","http://lscdn.net/imgs/6f305ef4-ba91-4d10-8272-8a5c0ca5f7b0",873948,"2013-10-30 04:59:00","2013-10-16 05:00:00","voucher"
14385,73257,"Ledges Hotel","A Contemporary Take on the Poconos","Modern Hotel in the Poconos","Hawley","PA","United States","http://lscdn.net/imgs/6f305ef4-ba91-4d10-8272-8a5c0ca5f7b0",873948,"2013-10-30 04:59:00","2013-10-16 05:00:00","voucher"
14387,60023," Clarion Hotel","Heartland Hospitality Near Downtown Kansas City","Kansas City Hotel","Overland Park","KS","United States","http://lscdn.net/imgs/07423c73-6820-400c-868c-654f0f45d8a7",841714,"2013-10-30 05:59:00","2013-10-01 06:00:00","voucher"
14389,71619,"Grace Manor Inn","History Runs Deep in Richmond","Historic Richmond Inn","Richmond","VA","United States","http://lscdn.net/imgs/6f7485a3-fa8d-412b-9347-a89ac5080597",853548,"2013-10-30 04:59:00","2013-10-10 05:00:00","voucher"
14393,51457,"The Inverness Hotel and Conference Center","Upscale Ambiance in Laid-Back Denver","Greater Denver Hotel","Englewood","CO","United States","http://lscdn.net/imgs/6abf53ea-f56f-4f4d-8949-376dcf1a15c6",870888,"2013-10-30 02:59:00","2013-10-16 03:00:00","voucher"
14395,73267,"Carousel Inn on the Beach","White Sands & Endless Sunshine in Fort Myers Beach","Fort Myers Beach Hotel ","Fort Myers Beach","FL","United States","http://lscdn.net/imgs/65318bca-ff00-48c5-ac2f-82592845fe5e",876152,"2013-10-30 04:59:00","2013-10-16 05:00:00","voucher"
14397,46879,"Resorts Casino Hotel","Wine and Dine Like a High Roller in AC","Boardwalk Hotel + Casino","Atlantic City","NJ","United States","http://a5.lscdn.net/imgs/f6b2a259-2a9d-47b1-ba77-408be422c517",876310,"2013-10-30 04:59:00","2013-10-15 10:00:00","dated_flash"
14399,73265,"Plaza Hotel and Apartments","Steps From the Brew Town\’s Greatest Sights ","Milwaukee Boutique Hotel ","MILWAUKEE","WI","United States","http://lscdn.net/imgs/c08aa4e7-db15-49ca-88c2-89eb5b7923ff",876280,"2013-10-30 05:59:00","2013-10-16 06:00:00","voucher"
14401,5433,"Grand Lucayan Bahamas","Prime Placement on Lucayan Beach","Grand Bahama Resort + Ferry","Grand Bahama Island",NULL,"Bahamas","http://lscdn.net/imgs/f39a7a5f-3ab6-4ce6-a676-fd3609e91764",877174,"2013-10-30 04:59:00","2013-10-15 05:00:00","voucher"
14405,73269,"The INN at Calafia Beach","Hitting the Surf in Sunny San Clemente","San Clemente Inn + Boogie Board Rental","San Clemente","CA","United States","http://lscdn.net/imgs/5d5beb82-20f2-4201-88f7-19cd1c6498b7",875830,"2013-10-30 07:59:00","2013-10-16 08:00:00","voucher"
14407,73273,"Spearfish Canyon Lodge","Jaw-Dropping Scenery in the Black Hills","Black Hills Lodge","Lead","SD","United States","http://lscdn.net/imgs/1fc5ea89-758f-46cc-ba89-cab64b7909db",878466,"2013-10-30 05:59:00","2013-10-16 06:00:00","voucher"
14409,73271,"Chica Surf Adventures","Women Make Waves in Costa Rica","Costa Rica Surf Camp","Santa Teresa",NULL,"Costa Rica","http://lscdn.net/imgs/41c3d938-52be-44be-8667-f117f5bdbe7f",876918,"2013-11-03 04:59:00","2013-10-15 05:00:00","voucher"
14411,73261,"Scarborough Fair Bed & Breakfast","Federal Hill, Where Hip Meets Historic","Federal Hill B&B","Baltimore","MD","United States","http://lscdn.net/imgs/bd665b78-67cf-4cc8-88bd-4324f714b2a8",873376,"2013-10-30 04:59:00","2013-10-16 05:00:00","voucher"
14413,73263,"Parma in Little Washington","Elegance in Little Washington, Shenandoah Valley","Elegant Shenandoah Inn + Spa","Washington","VA","United States","http://lscdn.net/imgs/7359d161-cd4b-44e5-a90f-8b5c755a806f",873670,"2013-10-30 04:59:00","2013-10-16 05:00:00","voucher"
14413,73263,"Parma in Little Washington","Elegance in Little Washington, Shenandoah Valley","Elegant Shenandoah Inn + Spa","Washington","VA","United States","http://lscdn.net/imgs/87f018a8-de1e-48ee-b620-542d6fc78186",873670,"2013-10-30 04:59:00","2013-10-16 05:00:00","voucher"
14415,73253,"Buffalo Hills Resort","Peace and Quiet in a Cabin Near Senecaville Lake","Cabin Near Senecaville Lake for 4","Senecaville","OH","United States","http://lscdn.net/imgs/2de19504-4dac-46ba-a4cb-68628ea74f1c",874274,"2013-10-30 04:59:00","2013-10-16 05:00:00","voucher"
14417,73275,"The Irish Rose Inn","World-Class Wines in Sonoma County","Sonoma County B&B","Healdsburg","CA","United States","http://lscdn.net/imgs/f1eecc84-2fb0-41e2-9ff4-16a3dc1e17ce",819188,"2013-11-03 07:59:00","2013-10-20 08:00:00","voucher"
14419,71785,"Hotel Quartier des Spectacles","Eccentric Charm in the Entertainment District","Montréal Boutique Hotel","Montreal","QC","Canada","http://lscdn.net/imgs/7ae3ad4e-1d32-4125-9d31-6d933055324b",823956,"2013-11-06 04:59:00","2013-10-21 05:00:00","voucher"
14421,73277,"The Notchland Inn","Find a Fairy-Tale Setting in the White Mountains ","Northern New Hampshire Inn","Hart\'s Location","NH","United States","http://lscdn.net/imgs/4e7e1ead-bbb1-4ad1-9d47-868971a89002",846438,"2013-11-10 04:59:00","2013-10-24 05:00:00","voucher"
14423,73279,"Hampton Inn & Suites Lake Placid","Discover a Winter Sports Wonderland in Lake Placid","Lake Placid Hotel + Wine","Lake Placid","NY","United States","http://lscdn.net/imgs/9efcb98b-4aa0-4f84-8bd1-29b5896e0540",880072,"2013-11-06 04:59:00","2013-10-18 05:00:00","voucher"
14425,72379,"Swiss Woods Bed & Breakfast Inn","Life is Sweet in Pennsylvania Dutch Country","Lancaster County B&B","Lititz","PA","United States","http://lscdn.net/imgs/fe30cf65-ca3e-4824-a520-4032ef2f2c5d",844634,"2013-11-06 04:59:00","2013-10-19 05:00:00","voucher"
14427,71695,"Heron Suites","Lapping Up the Waterfront Scenery in Southold","Long Island Hotel","Southold","NY","United States","http://lscdn.net/imgs/a84b398a-0bc7-4bbf-a1e3-5011e44bfef5",880008,"2013-11-06 04:59:00","2013-10-23 05:00:00","voucher"
14439,73255,"Bridges Bay Resort","An Indoor Waterpark Resort for the Whole Family","Iowa Waterpark Resort for Up to 8","Arnolds Park","IA","United States","http://lscdn.net/imgs/f5cc04bc-582a-41b8-bce9-62929f0b7884",873014,"2013-10-30 05:59:00","2013-10-16 06:00:00","voucher"
14441,73227,"Cascade Lodge","A Cozy Lodge for All Seasons in Lutsen","Lake Superior Lodge","Lutsen","MN","United States","http://lscdn.net/imgs/2ae1ccfc-adb8-4ab0-8a37-d82dd4720fc7",816218,"2013-10-30 05:59:00","2013-10-16 06:00:00","voucher"
14443,54273,"Parkway Inn","Jackson: A Natural Fit for Nature Lovers","Jackson Hole Inn","Jackson","WY","United States","http://lscdn.net/imgs/8fb40ac4-f03d-430e-9c6c-4463d4229c2e",870564,"2013-10-30 06:59:00","2013-10-16 07:00:00","voucher"
14445,73237,"Murphy\'s River Lodge","A Date with Nature in Enchanting Estes Park","Estes Park Lodge + Wine","Estes Park","CO","United States","http://lscdn.net/imgs/522c6f7e-6eab-44a7-9284-5bc5d1d7a049",816832,"2013-10-30 06:59:00","2013-10-16 07:00:00","voucher"
14447,73229,"A to Z Guest Ranch","Trail Ridin\' Days, Bonfire Nights in Oklahoma","Oklahoma Mountain Ranch","Smithville","OK","United States","http://lscdn.net/imgs/431f7cfe-a9de-44c2-801e-1f7150a8049f",865614,"2013-10-30 05:59:00","2013-10-16 06:00:00","voucher"
14449,73291,"Pier 2620 Hotel","Freshly Renovated in Fisherman\'s Wharf","San Francisco Hotel + Breakfast","San Francisco","CA","United States","http://a5.lscdn.net/imgs/7bd7679c-9bf6-4259-9c38-8b5171731933",835482,"2013-11-06 07:59:00","2013-10-23 08:00:00","dated_flash"
14451,73285,"Pyramid Lake Resort","The Mountain Majesty of Jasper National Park","Canadian Rockies Lodge","Jasper National Park","AB","Canada","http://lscdn.net/imgs/7780d31e-1217-4157-ab1a-124c52fe8aab",875306,"2013-11-06 06:59:00","2013-10-19 07:00:00","voucher"
14453,59801,"DoubleTree by Hilton Orlando at SeaWorld","Stay with SeaWorld at Your Doorstep ","Orlando SeaWorld Resort ","Orlando","FL","United States","http://a5.lscdn.net/imgs/19e8394a-cbea-41dc-a50e-58d71300b5b2",877188,"2013-11-05 23:59:00","2013-10-23 01:00:00","dated_flash"
14455,73287,"Cold Springs Resort","Riverside R & R in the Oregon Wilderness","Central Oregon Cabin","Camp Sherman","OR","United States","http://lscdn.net/imgs/acdd9f55-92a0-409d-bcdf-3a3bef334277",848690,"2013-11-06 07:59:00","2013-10-23 08:00:00","voucher"
14455,73287,"Cold Springs Resort","Riverside R & R in the Oregon Wilderness","Central Oregon Cabin","Camp Sherman","OR","United States","http://lscdn.net/imgs/acdd9f55-92a0-409d-bcdf-3a3bef334277",848690,"2013-11-06 07:59:00","2013-10-23 08:00:00","voucher"
14455,73287,"Cold Springs Resort","Riverside R & R in the Oregon Wilderness","Central Oregon Cabin","Camp Sherman","OR","United States","http://lscdn.net/imgs/59789344-a0df-4971-936b-4e70623961e4",848690,"2013-11-06 07:59:00","2013-10-23 08:00:00","voucher"
14457,71483,"The Deer Harbor Inn","Retreat to an Orcas Island Original","Orcas Island Inn & Spa","Orcas Island","WA","United States","http://lscdn.net/imgs/a8c1e4a5-b103-4f5f-a0a8-ee8992c8e3eb",870362,"2013-11-06 07:59:00","2013-10-22 08:00:00","voucher"
14461,7885,"Century-Plaza Hotel & Spa","Contemporary Luxury in Downtown Vancouver","Vancouver Hotel","Vancouver","BC","Canada","http://lscdn.net/imgs/4a4a7efa-3035-4044-b4df-a256580641e7",872702,"2013-11-06 07:59:00","2013-10-23 08:00:00","voucher"
14463,61165,"Portland Marriott Waterfront","Microbrews and Blooms Along the Willamette","Downtown Portland Hotel","Portland","OR","United States","http://a5.lscdn.net/imgs/15ed1c05-6b8b-4949-8f93-3a28459ad1ea",834284,"2013-11-06 02:59:00","2013-10-23 04:00:00","dated_flash"
14465,72381,"Sylvan Valley Lodge","A Toast to North Georgia Wine Country","Georgia Wine Country Lodge","Sautee","GA","United States","http://lscdn.net/imgs/809e20f8-25a8-4725-aecc-91749b8c2d9b",881514,"2013-11-06 04:59:00","2013-10-23 05:00:00","voucher"
14467,73297,"Bishop\'s Lodge Ranch Resort & Spa","Southwestern Culture Meets Comfort in Santa Fe ","Santa Fe Resort","Santa Fe","NM","United States","http://lscdn.net/imgs/71bcdd82-a1e8-42e9-b81a-6d7c01ef519b",870280,"2013-11-06 01:59:00","2013-10-23 03:00:00","dated_flash"
14471,73289,"Sonoma\'s Best Guest Cottages","The Best of Sonoma Wine Country","Sonoma Wine Country Cottages","Sonoma","CA","United States","http://lscdn.net/imgs/0dab6eb9-5be5-4f39-9708-a0dd8af1a5e7",843126,"2013-11-06 07:59:00","2013-10-22 08:00:00","voucher"
14473,73293,"Surf & Sand Resort","Make the Most of SoCal Sunshine in Laguna Beach","Four-Star Laguna Beach Resort","Laguna Beach","CA","United States","http://lscdn.net/imgs/91cb57a9-a86f-428a-af5e-48c749c59983",872600,"2013-11-06 07:59:00","2013-10-18 08:00:00","voucher"
14475,56653,"Sanctuary Beach Resort","Marine Sanctuary Access Along the Bay","Secluded Monterey Bay Resort","Marina","CA","United States","http://lscdn.net/imgs/3b9bafd5-71b8-4e8b-93fa-da0daff22e95",878756,"2013-11-06 07:59:00","2013-10-21 08:00:00","voucher"
14477,70823,"Best Western Plus Waynesboro Inn & Suites Conference Center","Historic Waynesboro in the Scenic Shenandoah Valley","3 Diamond Shenandoah Family Hotel","Waynesboro","VA","United States","http://lscdn.net/imgs/ea232793-fe38-4a04-9031-f02f6399a244",877478,"2013-11-06 04:59:00","2013-10-23 05:00:00","voucher"
14479,51013,"Sonesta Gwinnett Place","Close to Downtown ATL, Away from the Bustle","Greater Atlanta Hotel","Duluth","GA","United States","http://a5.lscdn.net/imgs/b73bc1d9-1d52-477e-9563-b48968744be0",881906,"2013-11-05 23:59:00","2013-10-23 01:00:00","dated_flash"
14481,73315,"GrandView Mountain Cottages","Pastoral Cottages in the Tennessee Hills","Private Tennessee Cottages","Grandview","TN","United States","http://lscdn.net/imgs/958d9b47-dc48-409a-82d4-760aa8184421",878254,"2013-11-06 05:59:00","2013-10-22 06:00:00","voucher"
14483,56871,"Madison Hotel","Experience a Cultural Tour de Force in Memphis","AAA Four Diamond Memphis Hotel","Memphis","TN","United States","http://lscdn.net/imgs/d6be0477-350e-47ff-b6f3-37f8423dd4e0",882212,"2013-11-06 05:59:00","2013-10-22 06:00:00","voucher"
14485,7033,"Marriott Fallsview Hotel and Spa Niagara Falls","A Room with a View at Niagara Falls","AAA Four Diamond Niagara Falls Hotel","Niagara Falls","ON","Canada","http://a5.lscdn.net/imgs/2fd4c9ed-46bd-411a-acd5-531652498b5c",881582,"2013-11-05 18:59:00","2013-10-20 21:00:00","dated_flash"
14487,73281,"The Brick Hotel On The Circle","History Meets Luxury Near the Delaware Shore","Historic Delaware Hotel + Champagne","Georgetown","DE","United States","http://lscdn.net/imgs/3a6fa0b3-d69c-46b3-bb78-1f0a42fa4384",879294,"2013-11-06 04:59:00","2013-10-23 05:00:00","voucher"
14489,787,"Santa Barbara Beach & Golf Resort","Curaçao: Luxury in the Caribbean","Curaçao Resort + All Meals","Nieuwpoort",NULL,"Curacao","http://lscdn.net/imgs/3567a257-4897-4bee-9bbb-07f487cabc28",876888,"2013-11-06 04:59:00","2013-10-23 05:00:00","voucher"
14491,37545,"Beachscape Kin Ha Villas & Suites","Endless Summer South of the Border","All-Inclusive Cancún Resort","Cancun","QR","Mexico","http://lscdn.net/imgs/9596da83-3446-4393-8c2e-68f0ec389350",879018,"2013-11-06 04:59:59","2013-10-23 05:00:00","voucher"
14493,73313,"blu St Lucia ","Chic St. Lucia Resort on Rodney Bay","All-Inclusive St. Lucia Resort","Gros Islet",NULL,"Saint Lucia","http://lscdn.net/imgs/a1fe1180-54df-42e0-add7-9373745977e2",873452,"2013-11-06 04:59:00","2013-10-17 05:00:00","voucher"
14495,73307,"Friendly Planet Travel","Dubai to Bangkok: From the Future to the Past","Dubai and Bangkok + Flights",NULL,NULL,NULL,"http://lscdn.net/imgs/4f7cc751-d543-439f-b457-cd6fe30f0922",881400,"2013-11-06 04:59:00","2013-10-19 05:00:00","voucher"
14497,72245,"Sandos Finisterra","Swim-Up Bars & Ocean Breezes in Cabo San Lucas","All-Inclusive Cabo Resort","Los Cabos","BS","Mexico","http://lscdn.net/imgs/c3428b02-c963-4992-9487-6ec88afd67ff",878846,"2013-11-06 04:59:00","2013-10-23 05:00:00","voucher"
14499,73309,"go-today","Athens and Rome, Gateways to Antiquity","Athens and Rome + Flights","Athens",NULL,"Greece","http://lscdn.net/imgs/2f8d0446-334d-4d3c-af0c-185d19623368",881334,"2013-11-06 07:59:00","2013-10-23 08:00:00","voucher"
14503,62385,"Crockett Hotel","San Antonio Hotel Steeped in History and Haunts ","Historic San Antonio Hotel ","San Antonio","TX","United States","http://www.cfmedia.vfmleonardo.com/imageRepo/0/0/47/755/51/lobby2_F.jpg",880660,"2013-11-06 00:59:59","2013-10-23 02:00:00","dated_flash"
14505,55597,"Renaissance Las Vegas","Sophisticated Sanctuary in Sin City","Las Vegas Boutique Hotel ","Las Vegas","NV","United States","http://a5.lscdn.net/imgs/e8394d63-c225-4d61-aa81-e2c80d48f481",880566,"2013-11-06 02:59:00","2013-10-23 04:00:00","dated_flash"
14507,52417,"Moody Gardens Hotel","Endless Excitement at a Grand Galveston Oasis ","Gulf Coast Hotel","Galveston","TX","United States","http://lscdn.net/imgs/7e1cf3a0-2578-4f87-ba08-1234d8d02987",878892,"2013-11-06 05:59:00","2013-10-18 06:00:00","voucher"
14509,73305,"Old Jail Inn Parke County","In Rockville, Behind Bars and Loving It","Historic Parke County Jail Cell Suite","Rockville","IN","United States","http://lscdn.net/imgs/450008d0-5e26-47fa-9ef8-d223645cc434",622934,"2013-11-06 04:59:00","2013-10-23 05:00:00","voucher"
14511,73301,"The Minneapolis Boulevard Hotel","A Peaceful Stay Minutes from Downtown Minneapolis","Greater Minneapolis Hotel + Dining Credit","Minneapolis","MN","United States","http://lscdn.net/imgs/17b1ed6b-cf57-4856-bd02-0b5e77ad6bb4",860472,"2013-11-06 05:59:00","2013-10-23 06:00:00","voucher"
14513,70983,"1847 Blake House Inn Bed and Breakfast","A Stay for All Seasons in Asheville","Historic Appalachian B&B","Asheville","NC","United States","http://lscdn.net/imgs/187c7ab6-35ed-4692-83bc-6e596449abf6",858554,"2013-11-06 04:59:00","2013-10-16 05:00:00","voucher"
14517,73303,"Spur of the Moment Ranch","Cabin Retreat in the Wisconsin Northwoods","Wisconsin Northwoods Ranch","Mountain","WI","United States","http://lscdn.net/imgs/3502adaa-9f05-4f8e-ba9e-9950088b0d03",870174,"2013-11-06 05:59:59","2013-10-17 06:00:00","voucher"
14519,64305,"Ramada Plaza Hotel & Oasis Convention Center","A Tropically Inspired Piece of Paradise in Springfield","Springfield Hotel + Dining Credit","Springfield","MO","United States","http://lscdn.net/imgs/68d964ab-3ad0-4c58-a835-f597fb6f155e",882026,"2013-11-06 05:59:00","2013-10-19 06:00:00","voucher"
14521,73283,"Cabins at Seven Foxes","Go With the Flow in the Land of Waterfalls","Blue Ridge Mountain Cabins","Lake Toxaway","NC","United States","http://lscdn.net/imgs/d5f861fe-e060-45b2-b0b4-c43dae7737fb",857334,"2013-11-06 04:59:00","2013-10-22 05:00:00","voucher"
14545,71393,"Cofresi Palm Beach and Spa Resort","Wild Orchids and White Sand in the Dominican","All-Inclusive Dominican Resort","Puerto Plata",NULL,"Dominican Republic","http://lscdn.net/imgs/16ab37ea-4e45-4198-bb5d-92b08df0a82e",880806,"2013-11-06 04:59:00","2013-10-19 05:00:00","voucher"
14587,70999,"A Stone Wall Inn","Stay Eco-Friendly in the Gorgeous Green Mountains","Southern Vermont Inn","Windham","VT","United States","http://lscdn.net/imgs/a60c5777-4838-456a-b68a-a85c50b27bfc",880234,"2013-11-06 04:59:00","2013-10-19 05:00:00","voucher"
14589,71263,"By the Side of the Road Inn & Cottages","Harrisonburg: Hub of the Shenandoah Valley","Shenandoah Inn + Picnic Lunch","Harrisonburg","VA","United States","http://lscdn.net/imgs/5a51a363-fd09-42f4-9c1f-b2aa67c4ffde",877670,"2013-11-06 04:59:00","2013-10-23 05:00:00","voucher"
14593,73295,"Joshua Wilton House","A Gourmet Stay in the Heart of the Shenandoah","Shenandoah Victorian + 3 Gourmet Meals","Harrisonburg","VA","United States","http://lscdn.net/imgs/083c7bf3-7cc2-4331-bd6d-a22385eca170",880258,"2013-11-06 04:59:00","2013-10-23 05:00:00","voucher"
14595,72037,"The Mimslyn Inn","Elegance Meets Adventure in the Shenandoah Valley","Shenandoah Valley Inn + Gourmet Dining","Luray","VA","United States","http://lscdn.net/imgs/759aed44-d61e-41f3-ba7f-eca2e3a56b4c",879258,"2013-11-06 04:59:00","2013-10-23 05:00:00","voucher"
14597,66011,"Capitol Skyline Hotel","A Night in the Heart of Capitol Hill","Capitol Hotel for Up to 4 + Breakfast","Washington","DC","United States","http://lscdn.net/imgs/94c645db-ac64-4b34-b702-1d4c53932cbf",874444,"2013-11-06 04:59:00","2013-10-23 05:00:00","voucher"
14599,50849,"Ramada Tropics Resort & Conference Center","In Des Moines, Water Park Fun for the Whole Family","Indoor Water Park Resort for 4","Des Moines","IA","United States","http://lscdn.net/imgs/5e294744-50c1-428a-8cb2-89ee664e84e9",877518,"2013-11-06 05:59:00","2013-10-18 06:00:00","voucher"
14601,59281,"Sea Crest Resort","A Cape Cod Classic on Old Silver Beach","Cape Cod Beach Hotel","North Falmouth","MA","United States","http://a5.lscdn.net/imgs/15811e4a-0693-421d-a131-a98359cfdba2",886718,"2013-11-06 04:59:00","2013-10-23 05:00:00","dated_flash"
14603,73321,"Valencia Travel Cusco","Trek Along the Inca Trail to Machu Picchu","Machu Picchu + Inca Trail Tour",NULL,NULL,NULL,"http://lscdn.net/imgs/ded77e3c-17c6-438b-9543-e86ec02a3663",872476,"2013-11-10 04:59:00","2013-10-23 05:00:00","voucher"
14609,73325,"Keyonna Beach","Breathtaking Island Beauty","All-Inclusive Antigua Hotel","Antigua",NULL,"Antigua","http://lscdn.net/imgs/e15b1eaf-b36e-457b-8ab2-dfe51382d278",841950,"2013-11-13 04:59:00","2013-10-25 05:00:00","voucher"
14611,73337,"Bed and Breakfast on Tiffany Hill","Celebrating Five Years of Southern Hospitality","Asheville-Area B&B","Mills River","NC","United States","http://lscdn.net/imgs/bf7a4c68-312c-4b4d-a08c-4717097c1833",884134,"2013-11-13 04:59:00","2013-10-25 05:00:00","voucher"
14611,73337,"Bed and Breakfast on Tiffany Hill","Celebrating Five Years of Southern Hospitality","Asheville-Area B&B","Mills River","NC","United States","http://lscdn.net/imgs/3c1ba1c9-b8ce-43fb-be2b-3d1cb3a415f6",884134,"2013-11-13 04:59:00","2013-10-25 05:00:00","voucher"
14613,73333,"Le Méridien Philadelphia","Unparalleled Culture in Center City Philly","Downtown Philadelphia Hotel","Philadelphia","PA","United States","http://a5.lscdn.net/imgs/bb961c97-1da6-4072-865f-a5fa1e41b767",820992,"2013-11-12 04:59:00","2013-10-28 05:00:00","dated_flash"
14627,73339,"Advantage Vacation Homes","Family Vacation in the Orlando Area","Orlando-Area Vacation Homes","Kissimmee","FL","United States","http://lscdn.net/imgs/76e7ee0d-0fda-4130-a6a1-3bbede3aa483",874234,"2013-11-13 04:59:00","2013-10-25 05:00:00","voucher"
14629,73347,"Stagecoach Trails","High Desert Camping Outside Julian","SoCal High Desert Campground","Julian","CA","United States","http://lscdn.net/imgs/63b29ff2-c9aa-4e8a-89e1-014ab59c348c",884480,"2013-11-06 07:59:00","2013-10-23 08:00:00","voucher"
14631,73319,"Chelan Valley Inn","Commune with Nature on Lake Chelan","Northern Cascades Inn + Wine","Manson","WA","United States","http://lscdn.net/imgs/a57d5fcb-0d43-45b1-a4d5-5b03f9576662",877358,"2013-11-10 07:59:00","2013-10-23 08:00:00","voucher"
14633,73345,"Inn at Eagle Mountain","Scottsdale Suites Right on the Green","Scottsdale Suites Hotel","Fountain Hills","AZ","United States","http://lscdn.net/imgs/cd72481c-ce0d-41fc-9821-5051e41f22c8",886148,"2013-11-06 06:59:00","2013-10-18 08:00:00","voucher"
14635,71769,"The Historic Hotel Leger","A Haunted History in Gold Country","Haunted Gold Country Hotel + Wine","Mokelumne Hill","CA","United States","http://lscdn.net/imgs/76d8e980-8e63-4d6f-bddb-ff585ce3f523",874324,"2013-11-13 07:59:00","2013-10-24 08:00:00","voucher"
14637,73317,"Fairfield Inn & Suites Harrisonburg by Marriott","Scenery, History, and Hospitality in Harrisonburg","Shenandoah Valley Inn + Cavern Tickets","Harrisonburg","VA","United States","http://lscdn.net/imgs/6922d8b6-2f75-4e7f-9829-ae5d27738ada",883894,"2013-11-06 04:59:00","2013-10-23 05:00:00","voucher"
14651,71537,"Elizabeth Street Inn","A View of the Pacific on the Oregon Coast","Oregon Coast Inn + Chowder","Newport","OR","United States","http://lscdn.net/imgs/5f265d77-1eb3-4fa3-8bab-b7171bc2b0e9",859882,"2013-11-13 07:59:00","2013-10-26 08:00:00","voucher"
14653,51531,"The Stanley Hotel","Haunted Hotel from Stephen King\'s The Shining","Haunted Hotel in the Rockies","Estes Park","CO","United States","http://lscdn.net/imgs/b65da366-6c7b-46b8-a4bf-13abc0e46ac5",832280,"2013-11-13 06:59:00","2013-10-28 07:00:00","voucher"
14653,51531,"The Stanley Hotel","Haunted Hotel from Stephen King\'s The Shining","Haunted Hotel in the Rockies","Estes Park","CO","United States","http://lscdn.net/imgs/07b7b368-e168-4461-bb89-f74f741d0999",832280,"2013-11-13 06:59:00","2013-10-28 07:00:00","voucher"
14655,73349,"Medina Lake RV Campground","Hill Country Cabins on Medina Lake","Hill Country Campground","Lakehills","TX","United States","http://lscdn.net/imgs/361ac30f-dcce-46c0-93fd-027a814b70fe",880506,"2013-11-10 05:59:00","2013-10-27 06:00:00","voucher"
14659,54665,"The Nonantum Resort","Riverside Relaxation at a Historic Maine Resort","Kennebunkport Resort","Kennebunkport","ME","United States","http://lscdn.net/imgs/f2fd35a1-0d4d-4953-a55d-f941a1537982",890470,"2013-11-13 04:59:00","2013-10-25 05:00:00","voucher"
14659,54665,"The Nonantum Resort","Riverside Relaxation at a Historic Maine Resort","Kennebunkport Resort","Kennebunkport","ME","United States","http://lscdn.net/imgs/8641cc56-2d45-4fe2-ae0e-de63e9721472",890470,"2013-11-13 04:59:00","2013-10-25 05:00:00","voucher"
14667,73351,"Cliff Lodge","High-Class Hospitality on Nantucket","Nantucket B&B + Wine","Nantucket","MA","United States","http://lscdn.net/imgs/986176c6-0c1c-48c2-bd76-be6c5158bd9e",888572,"2013-11-13 04:59:00","2013-10-23 05:00:00","voucher"
14671,73353,"Meliá Atlanta","View from the Top in Midtown Atlanta","Midtown Atlanta Hotel","Atlanta","GA","United States","http://lscdn.net/imgs/63b5a903-6f1a-42ac-9be9-b42641bc00b6",889498,"2013-11-13 04:59:00","2013-10-24 05:00:00","voucher"
14689,58839,"Hotel Belleclaire","Up, Up, and Away on the Upper West Side","Upper West Side Hotel","New York","NY","United States","http://lscdn.net/imgs/437e727d-a0b0-458f-869b-7d04f139e72b",891392,"2013-11-13 04:59:00","2013-10-23 05:00:00","voucher"
14695,53273,"Westin Lake Las Vegas Resort and Spa","Welcome to the Other Vegas","Lake Las Vegas Luxury Resort & Spa","Henderson","NV","United States","http://www.cfmedia.vfmleonardo.com/imageRepo/3/0/45/338/580/wes3786cl.118208_F.jpg",886242,"2013-11-13 07:59:00","2013-10-24 08:00:00","dated_flash"
14701,71007,"Admiral Fell Inn","Pass Through the Past on the Inner Harbor","Historic Baltimore Inn","Baltimore","MD","United States","http://lscdn.net/imgs/1d99d377-ac10-4163-84a1-254f2f170bb5",886882,"2013-11-06 04:59:00","2013-10-23 05:00:00","voucher"
14729,71479,"Days Inn Williams","Grand Getaway off Route 66 with Bearizona Tickets","Grand Canyon-Area Hotel + Bearizona Tickets","Williams","AZ","United States","http://lscdn.net/imgs/99416977-ea0a-49dd-8e47-9c4abfbaed8f",895764,"2013-11-13 06:59:00","2013-10-23 08:00:00","voucher"
14749,73387,"Bella Capri Inn & Suites","SoCal Charm in Old Town Camarillo","Boutique Ventura County Inn","Camarillo","CA","United States","http://lscdn.net/imgs/d67d7ff2-3919-4127-80f8-ade2ca3806c4",880934,"2013-11-06 07:59:00","2013-10-23 08:00:00","voucher"
14777,73311,"go-today","Light Up the Night in Reykjavík","5 Days in Iceland + Flights","Reykjavik",NULL,"Iceland","http://lscdn.net/imgs/389eeb2a-33e3-4db5-8e03-42ce60b7e360",899676,"2013-11-06 02:59:00","2013-10-23 07:00:00","voucher"
14839,73411,"Friendly Planet Travel","Along the River Kwai and Back to Bangkok ","9-Day Tour of Ancient & Modern Thailand + Flights",NULL,NULL,NULL,"http://lscdn.net/imgs/2635a291-b553-4e62-9489-67cdafa3ba02",899832,"2013-11-13 07:59:00","2013-10-28 08:00:00","voucher"
